dropshipper name,Ships from,Ships to,Catalog type,Minimum order,Allows dropship,Allows Amazon,Allows_ebay,Supplier categories,Number of Products
JM Wholesale Limited New,United Kingdom,"USA, Canada, International, United Kingdom, Europe",True,No Minimum,True,True,True,CBD & Vape,16051.0
US Direct (All Niches),USA,USA (Continental Only),True,No Minimum,True,True,False,"Travel, Outdoors, & Camping,Sporting Goods, Tactical, & Marine Products,Dropship Aggregators,Baby, Youth & Games,Home Furniture, Decor & Garden,.US Direct (Suppliers),Party & Holiday Supplies,Pet & Animal Supplies,General Merchandise,Adult Products & Lingerie,Bath, Body, & Fragrance,Food & Grocery,Apparel, Fashion, & Jewelry,Consumer Electronics",215444.0
RSR Premium,USA,"USA, Canada, International",True,No Minimum,True,True,True,"Travel, Outdoors, & Camping,Sporting Goods, Tactical, & Marine Products",19775.0
D&H Distributing,USA,"USA, Canada",True,No Minimum,True,True,True,"Sporting Goods, Tactical, & Marine Products,General Merchandise,Tools, Hardware & Automotive,Consumer Electronics,Specialty Electronics",169174.0
Zanders,USA,USA,True,No Minimum,True,True,True,"Travel, Outdoors, & Camping,Sporting Goods, Tactical, & Marine Products,Firearms & Gun Accessories",41037.0
CWR Distribution,USA,"USA, Canada, International",True,No Minimum,True,True,True,"Travel, Outdoors, & Camping,Sporting Goods, Tactical, & Marine Products,Specialty Electronics",46308.0
Honest Green,USA,USA,True,No Minimum,True,True,True,"Bath, Body, & Fragrance,Food & Grocery,Vitamins & Supplements,Health & Beauty",18492.0
Lipseys,USA,USA,True,No Minimum,True,True,True,"Travel, Outdoors, & Camping,Sporting Goods, Tactical, & Marine Products,Firearms & Gun Accessories",24672.0
Eldorado Premium,USA,"USA, Canada, International",True,No Minimum,True,True,True,Adult Products & Lingerie,19749.0
Honest Green by US Direct,USA,USA,True,No Minimum,True,True,False,".US Direct (Suppliers),Food & Grocery,Vitamins & Supplements,Health & Beauty",14104.0
Sports South Standard,USA,USA,True,No Minimum,True,True,True,"Sporting Goods, Tactical, & Marine Products,Firearms & Gun Accessories",74925.0
Essendant,USA,USA,True,No Minimum,True,True,True,"Office & School Supplies,Industrial & Janitorial,Consumer Electronics,Specialty Electronics",127239.0
Kinsey's North - New,USA,USA,True,No Minimum,True,True,True,"Travel, Outdoors, & Camping,Sporting Goods, Tactical, & Marine Products,Firearms & Gun Accessories",29080.0
Sportsman's Supply (Premium),USA,"USA, Canada",True,No Minimum,True,True,True,"Travel, Outdoors, & Camping,Sporting Goods, Tactical, & Marine Products,Firearms & Gun Accessories",8826.0
FragranceX Premium,USA,"USA, Canada, International",True,No Minimum,True,True,True,"Bath, Body, & Fragrance",12930.0
RSR Group Standard,USA,"USA, Canada, International",True,No Minimum,True,True,True,"Sporting Goods, Tactical, & Marine Products,Firearms & Gun Accessories",19703.0
FragranceNet,USA,USA,True,No Minimum,True,True,True,,18012.0
Synnex,USA,USA,True,No Minimum,True,True,True,"Consumer Electronics,Specialty Electronics",1183572.0
Ingram Micro US,USA,"USA, Canada, International",True,No Minimum,True,True,True,"Consumer Electronics,Specialty Electronics",1158782.0
Nalpac,USA,"USA, Canada, International",True,No Minimum,True,True,True,Adult Products & Lingerie,20307.0
Kroll,USA,"USA, Canada, International",False,No Minimum,True,True,True,"Travel, Outdoors, & Camping,Sporting Goods, Tactical, & Marine Products,Firearms & Gun Accessories",228063.0
Win-Tron Electronics,USA,"USA, Canada",True,No Minimum,True,True,True,"Travel, Outdoors, & Camping,Sporting Goods, Tactical, & Marine Products,Consumer Electronics,Specialty Electronics",7154.0
HomeRoots,USA,USA,True,No Minimum,True,False,True,"Home Furniture, Decor & Garden",54986.0
2nd Amendment Wholesale,USA,USA,True,No Minimum,True,False,False,"Travel, Outdoors, & Camping,Sporting Goods, Tactical, & Marine Products,Firearms & Gun Accessories",6013.0
FragranceX Standard,USA,"USA, Canada, International",True,No Minimum,True,True,True,"Bath, Body, & Fragrance",31194.0
Burch Fishing Tackle,USA,"USA, Canada",True,No Minimum,True,True,True,"Sporting Goods, Tactical, & Marine Products",12481.0
Petra Industries,USA,USA,True,No Minimum,True,True,True,"General Merchandise,Tools, Hardware & Automotive,Consumer Electronics,Specialty Electronics",3113.0
Williams Trading Premium,USA,USA,True,No Minimum,True,True,True,"Adult Products & Lingerie,CBD & Vape",17486.0
Educators Resource Standard,USA,USA,True,No Minimum,True,True,True,Office & School Supplies,15066.0
Entrenue,USA,USA,True,No Minimum,True,False,False,Adult Products & Lingerie,4547.0
Eldorado Standard,USA,"USA, Canada, International",True,No Minimum,True,True,True,Adult Products & Lingerie,19407.0
Honey's Place Premium,USA,"USA, Canada",True,No Minimum,True,True,True,Adult Products & Lingerie,12784.0
CC Wholesale Clothing,USA,USA,True,No Minimum,True,True,True,"Apparel, Fashion, & Jewelry",17844.0
Sportsman's Supply (Standard),USA,"USA, Canada",True,No Minimum,True,True,True,"Travel, Outdoors, & Camping,Sporting Goods, Tactical, & Marine Products,Firearms & Gun Accessories",8826.0
Bill Hicks Co.,USA,USA,True,No Minimum,True,True,True,"Travel, Outdoors, & Camping,Sporting Goods, Tactical, & Marine Products,Firearms & Gun Accessories",27429.0
GunAccessorySupply,USA,USA,True,No Minimum,True,True,True,"Sporting Goods, Tactical, & Marine Products,Firearms & Gun Accessories",5358.0
Complete Medical Supplies,USA,USA,False,No Minimum,True,False,False,Medical Supplies,16352.0
Western Power Sports,USA,USA,True,No Minimum,True,False,True,"Automotive,Tools, Hardware & Automotive",121548.0
Hicks Inc,USA,USA,True,No Minimum,True,False,True,"Travel, Outdoors, & Camping,Sporting Goods, Tactical, & Marine Products,Firearms & Gun Accessories",37026.0
Rothco,USA,USA,False,No Minimum,True,False,True,"Sporting Goods, Tactical, & Marine Products",11411.0
SeawideB2B,USA,"USA, Canada, International",False,No Minimum,True,True,True,"Sporting Goods, Tactical, & Marine Products,Specialty Electronics",0.0
Sex Toy Distributing Premium,USA,"USA, Canada, International",True,No Minimum,True,True,True,Adult Products & Lingerie,3371.0
Sex Toy Club,USA,"USA, Canada, International",True,No Minimum,True,False,True,Adult Products & Lingerie,51940.0
ASI,USA,USA,True,No Minimum,True,True,True,"Consumer Electronics,Specialty Electronics",86737.0
Bangalla Distribution New,USA,"USA, Canada, International",True,No Minimum,True,True,True,"Bath, Body, & Fragrance,Food & Grocery,Vitamins & Supplements",18417.0
Proven Sellers by US Direct,USA,USA (Continental Only),True,No Minimum,True,True,True,"Travel, Outdoors, & Camping,Sporting Goods, Tactical, & Marine Products,Dropship Aggregators,Baby, Youth & Games,Home Furniture, Decor & Garden,.US Direct (Suppliers),Party & Holiday Supplies,Pet & Animal Supplies,General Merchandise,Adult Products & Lingerie,Bath, Body, & Fragrance,Food & Grocery,Apparel, Fashion, & Jewelry,Consumer Electronics",2356.0
Davidson's,USA,USA,True,No Minimum,False,False,False,Firearms & Gun Accessories,11228.0
Costway,USA,USA,True,No Minimum,True,True,True,"Party & Holiday Supplies,Pet & Animal Supplies,Sporting Goods, Tactical, & Marine Products,General Merchandise,Tools, Hardware & Automotive,Consumer Electronics,Home Furniture, Decor & Garden",9447.0
Mirage Pet Products Premium,USA,"USA, Canada, International",True,No Minimum,True,False,False,Pet & Animal Supplies,97189.0
Wholesale Clothing Deals,USA,"USA, Canada, International",True,No Minimum,True,False,True,"Apparel, Fashion, & Jewelry",1226.0
Doba,USA,Worldwide,True,No Minimum,True,True,True,"Seasonal, Holiday, & Costume,Travel, Outdoors, & Camping,Sporting Goods, Tactical, & Marine Products,Office & School Supplies,Vitamins & Supplements,CBD & Vape,Dropship Aggregators,Medical Supplies,Home Furniture, Decor & Garden,Hobby, Novelty & Merch,Musical Products,Party & Holiday Supplies,Pet & Animal Supplies,General Merchandise,Adult Products & Lingerie,Food & Grocery,Apparel, Fashion, & Jewelry,Books & Media,Baby & Kids Furniture,Industrial & Janitorial,Consumer Electronics,Health & Beauty",1591739.0
ECN (East Coast News New ) - Adult Dropshipper,USA,"USA, Canada, Worldwide",True,No Minimum,True,True,True,Adult Products & Lingerie,19391.0
BeWicked (Premium),USA,"USA, Canada",True,No Minimum,True,True,True,Adult Products & Lingerie,2887.0
Sportsman's Supply by US Direct,USA,USA,True,No Minimum,True,True,True,".US Direct (Suppliers),Travel, Outdoors, & Camping,Sporting Goods, Tactical, & Marine Products,Firearms & Gun Accessories",658.0
Azure Green,USA,"USA, Canada, International",True,No Minimum,True,False,True,"Hobby, Novelty & Merch,General Merchandise,Home Furniture, Decor & Garden",7002.0
MerchMixer,USA,USA (Continental Only),True,No Minimum,True,True,True,Dropship Aggregators,719990.0
Crow Shooting Supply,USA,USA,True,No Minimum,True,True,True,Firearms & Gun Accessories,63840.0
Williams Trading Standard,USA,USA,True,No Minimum,True,True,True,"Adult Products & Lingerie,CBD & Vape",17565.0
Honey's Place Standard,USA,"USA, Canada",True,No Minimum,True,True,True,Adult Products & Lingerie,12784.0
Turn 14,USA,USA,False,No Minimum,True,True,False,"Automotive,Tools, Hardware & Automotive",804916.0
The Wholesale House,USA,"USA, Canada",False,No Minimum,True,True,True,"Travel, Outdoors, & Camping,Sporting Goods, Tactical, & Marine Products,Tools, Hardware & Automotive,Consumer Electronics,Specialty Electronics",23399.0
Beauty Fort Standard,United Kingdom,International,True,No Minimum,True,True,True,"Bath, Body, & Fragrance",36650.0
Great Deals Distribution,USA,USA,True,No Minimum,True,False,False,"Adult Products & Lingerie,Apparel, Fashion, & Jewelry",8826.0
Richard Cannon Jewelry,USA,"USA, Canada, International",True,No Minimum,True,False,True,"Apparel, Fashion, & Jewelry",7594.0
Cool Pet Stuff,USA,"USA, Canada",True,No Minimum,True,True,True,"Pet & Animal Supplies,Sporting Goods, Tactical, & Marine Products",11896.0
365 in Love by US Direct,USA,USA,True,No Minimum,True,True,False,".US Direct (Suppliers),Apparel, Fashion, & Jewelry",105382.0
Land N Sea,USA,USA,False,No Minimum,True,True,True,"Sporting Goods, Tactical, & Marine Products,Specialty Electronics",47315.0
Frontier Co-op,USA,USA,True,No Minimum,True,True,False,Food & Grocery,7062.0
Ah Goo Baby,USA,"USA, Canada, International",True,No Minimum,True,False,False,"Baby, Youth & Games",187.0
Palko Distributing,USA,USA,True,No Minimum,True,True,True,"Bath, Body, & Fragrance,Food & Grocery,Vitamins & Supplements,Health & Beauty",7258.0
FragranceX by US Direct,USA,USA,True,No Minimum,True,True,False,".US Direct (Suppliers),Bath, Body, & Fragrance",6130.0
Elegant Moments,USA,USA,True,No Minimum,True,True,True,Adult Products & Lingerie,2349.0
Kole Imports,USA,"USA, Canada, International",True,No Minimum,True,True,True,"Pet & Animal Supplies,Bath, Body, & Fragrance,Apparel, Fashion, & Jewelry,Tools, Hardware & Automotive,Consumer Electronics,Baby, Youth & Games,Specialty Electronics,Home Furniture, Decor & Garden",23349.0
StrawberryNET Standard,China,"USA, Canada, International",True,No Minimum,True,False,True,"Bath, Body, & Fragrance,Health & Beauty",24220.0
Flash Furniture Standard,USA,USA,True,No Minimum,True,True,True,"Office & School Supplies,Home Furniture, Decor & Garden",5313.0
Mirage Pet Products Standard,USA,"USA, Canada, International",True,No Minimum,True,False,False,Pet & Animal Supplies,97189.0
MotoTec USA / Big Toys USA,USA,USA,True,No Minimum,True,True,True,"Consumer Electronics,Baby, Youth & Games",183.0
Bambini Layette,USA,USA,True,No Minimum,True,True,True,"Apparel, Fashion, & Jewelry,Baby, Youth & Games",3983.0
Synnex Canada,Canada,Canada,True,No Minimum,True,True,True,"Consumer Electronics,Specialty Electronics",1768422.0
Scents World,USA,"USA, Canada, International",True,No Minimum,True,True,True,"Bath, Body, & Fragrance",955.0
Diecast Dropship,USA,USA,True,No Minimum,True,True,True,"Hobby, Novelty & Merch",8583.0
Nearly Natural Silk,USA,USA,True,No Minimum,True,True,True,"Home Furniture, Decor & Garden",4594.0
TopDawg,USA,Worldwide,True,No Minimum,True,True,True,"Pet & Animal Supplies,Sporting Goods, Tactical, & Marine Products,Adult Products & Lingerie,Apparel, Fashion, & Jewelry,Tools, Hardware & Automotive,Consumer Electronics,Health & Beauty,Home Furniture, Decor & Garden",586147.0
Bambini by US Direct,USA,USA,True,No Minimum,True,True,True,".US Direct (Suppliers),Apparel, Fashion, & Jewelry,Baby, Youth & Games",3757.0
Eldorado by US Direct,USA,USA,True,No Minimum,True,True,True,".US Direct (Suppliers),Adult Products & Lingerie",11625.0
Propper,USA,USA,True,No Minimum,True,True,True,"Sporting Goods, Tactical, & Marine Products",10146.0
AZ Importer,USA,"USA, Canada",True,No Minimum,True,False,True,"Hobby, Novelty & Merch,Baby, Youth & Games",733.0
D&H Dist. Canada,Canada,Canada,True,No Minimum,True,True,True,"Consumer Electronics,Specialty Electronics",147704.0
JGoodin,USA,International,True,No Minimum,True,False,True,"Apparel, Fashion, & Jewelry",4871.0
Morris Costumes New,USA,"Canada, International",True,No Minimum,True,True,True,Party & Holiday Supplies,17171.0
1Mag,Italy,Worldwide,True,No Minimum,True,False,False,"Apparel, Fashion, & Jewelry",102906.0
Honey's Place by US Direct,USA,USA,True,No Minimum,True,True,True,".US Direct (Suppliers),Adult Products & Lingerie",8654.0
Beard Guru,USA,"USA, Canada, International",True,No Minimum,True,True,True,"Bath, Body, & Fragrance,Vitamins & Supplements,Health & Beauty",10.0
Sex Toy Distributing Standard,USA,"USA, Canada, International",True,No Minimum,True,True,True,Adult Products & Lingerie,3370.0
Fast Furnishings,USA,USA,True,No Minimum,True,True,True,"Home Furniture, Decor & Garden",2498.0
MegaGoods,USA,"USA, Canada, International",True,No Minimum,True,True,True,"Consumer Electronics,Specialty Electronics,Home Furniture, Decor & Garden",1384.0
Essential Pet Products,USA,"USA, Canada, International",True,No Minimum,True,True,True,Pet & Animal Supplies,8439.0
Kinsey's South,USA,USA (Continental Only),False,No Minimum,True,True,True,Firearms & Gun Accessories,22711.0
Petdropshipper,USA,"USA, International",False,No Minimum,True,False,False,Pet & Animal Supplies,9215.0
Synnex by US Direct,USA,USA,True,No Minimum,True,True,True,".US Direct (Suppliers),Consumer Electronics,Specialty Electronics",11780.0
B&F / Maxam Wholesale,USA,USA,True,No Minimum,True,True,True,"General Merchandise,Apparel, Fashion, & Jewelry,Home Furniture, Decor & Garden",622.0
Donovan Marine New,USA,USA,True,No Minimum,True,True,True,"Travel, Outdoors, & Camping,Sporting Goods, Tactical, & Marine Products,Specialty Electronics",17401.0
Europa Sports by US Direct,USA,USA,True,No Minimum,True,True,True,"Vitamins & Supplements,Health & Beauty",43.0
BeWicked,USA,"USA, Canada",True,No Minimum,True,True,True,Adult Products & Lingerie,2889.0
Tucker,USA,Worldwide,False,No Minimum,True,False,False,"Automotive,Tools, Hardware & Automotive",0.0
RSR Group by US Direct,USA,USA,True,No Minimum,True,True,True,".US Direct (Suppliers),Travel, Outdoors, & Camping,Sporting Goods, Tactical, & Marine Products,Firearms & Gun Accessories",6009.0
Richard Cannon by US Direct,USA,USA,True,No Minimum,True,True,True,".US Direct (Suppliers),Apparel, Fashion, & Jewelry",6727.0
Alamode Fashion Jewelry,USA,"USA, International",True,No Minimum,True,False,True,"Apparel, Fashion, & Jewelry",32746.0
StrawberryNET Premium,China,"USA, Canada, International",True,No Minimum,True,False,True,"Bath, Body, & Fragrance,Health & Beauty",24220.0
ASICanada,Canada,Canada,True,No Minimum,True,True,True,Consumer Electronics,63621.0
ScanSource Old,USA,"USA, Canada, International",False,No Minimum,True,False,True,"Consumer Electronics,Specialty Electronics",339930.0
XTrader,United Kingdom,"United Kingdom, Europe",True,No Minimum,True,True,True,Adult Products & Lingerie,5678.0
Teledynamics,USA,USA,True,No Minimum,True,True,True,"Travel, Outdoors, & Camping,Sporting Goods, Tactical, & Marine Products,Consumer Electronics,Specialty Electronics",3976.0
ScanSource,USA,"USA, Canada, International",True,No Minimum,True,True,True,"Consumer Electronics,Specialty Electronics",150196.0
Ingram Micro CA,USA,Canada,True,No Minimum,True,True,True,"Consumer Electronics,Specialty Electronics",508397.0
Savoy Active by US Direct,USA,USA,True,No Minimum,True,True,False,".US Direct (Suppliers),Sporting Goods, Tactical, & Marine Products,Apparel, Fashion, & Jewelry",168.0
Williamâ€™s Trading Co. by US Direct,USA,USA,True,No Minimum,True,True,True,".US Direct (Suppliers),Adult Products & Lingerie,CBD & Vape",8171.0
Morris Costumes New(Deprecated),USA,"USA, Canada, International",False,No Minimum,True,True,True,Party & Holiday Supplies,23154.0
Blank Bike,USA,"USA, Canada",False,No Minimum,True,True,True,"Sporting Goods, Tactical, & Marine Products,Tools, Hardware & Automotive",99.0
CardinalHealth,USA,USA,False,No Minimum,True,False,False,Vitamins & Supplements,0.0
Atlanco,USA,USA,False,No Minimum,True,False,False,"Sporting Goods, Tactical, & Marine Products",5947.0
Liebermans,USA,USA,True,No Minimum,True,False,False,General Merchandise,267500.0
Gold N Diamonds,USA,USA,True,No Minimum,True,True,True,"Apparel, Fashion, & Jewelry",35532.0
ALMS  Marketplace,USA,"USA, Canada",True,No Minimum,True,True,True,"Travel, Outdoors, & Camping,Sporting Goods, Tactical, & Marine Products,Office & School Supplies,Dropship Aggregators,Baby, Youth & Games,Home Furniture, Decor & Garden,Hobby, Novelty & Merch,Musical Products,Pet & Animal Supplies,Office Furniture,Bath, Body, & Fragrance,Appliances,Apparel, Fashion, & Jewelry,Books & Media,Baby & Kids Furniture,Industrial & Janitorial,Automotive,Consumer Electronics,Health & Beauty",296772.0
My VoiceComm,USA,"USA, Canada, South America, Central America, Mexico",True,No Minimum,True,False,False,"Consumer Electronics,Specialty Electronics",3574.0
ScanSource New,USA,"Canada, International",False,No Minimum,True,True,True,Consumer Electronics,0.0
Automatic Distributors,USA,Worldwide,False,No Minimum,True,False,False,"Automotive,Tools, Hardware & Automotive",150359.0
Buck Ridge Supply by US Direct,USA,USA,True,No Minimum,True,True,True,".US Direct (Suppliers),Bath, Body, & Fragrance",139.0
AGWU Hemp,USA,USA,True,No Minimum,True,True,False,CBD & Vape,9.0
Savoy Active,USA,"USA, International",True,No Minimum,True,False,False,"Sporting Goods, Tactical, & Marine Products,Apparel, Fashion, & Jewelry",410.0
XR Direct,USA,"USA, Canada, International",True,No Minimum,True,True,True,Adult Products & Lingerie,3370.0
Nova Engel,Europe,International,True,No Minimum,True,True,True,"Bath, Body, & Fragrance",69953.0
Sheralven,USA,"USA, Canada",True,No Minimum,True,True,True,"Bath, Body, & Fragrance",835.0
MadePC,USA,USA,True,No Minimum,True,True,True,"Consumer Electronics,Specialty Electronics",2515.0
Sunrise Wholesale Merchandise,USA,"USA, Canada",True,No Minimum,True,True,True,"Hobby, Novelty & Merch,Sporting Goods, Tactical, & Marine Products,Apparel, Fashion, & Jewelry,Consumer Electronics,Baby, Youth & Games,Specialty Electronics,Home Furniture, Decor & Garden",10224.0
Safety Technology,USA,USA,True,No Minimum,True,True,True,"Sporting Goods, Tactical, & Marine Products,Home Furniture, Decor & Garden",378.0
MyDepot,USA,USA (Continental Only),True,No Minimum,True,True,True,"Office Furniture,Office & School Supplies,Storage & Organization,Kitchen & Tabletop,Appliances,Baby & Kids Furniture,Home Furniture, Decor & Garden",9068.0
Wholesale For Everyone,USA,USA (Continental Only),True,No Minimum,True,True,True,"Apparel, Fashion, & Jewelry",3654.0
Underwear For Men,USA,"USA, International",True,No Minimum,True,False,True,"Adult Products & Lingerie,Apparel, Fashion, & Jewelry",251.0
Oakten Parts,USA,"USA, Canada",True,No Minimum,True,False,False,"Automotive,Tools, Hardware & Automotive,Home Furniture, Decor & Garden",1112.0
Grasshopper Medz,USA,"USA, Canada",True,No Minimum,True,True,True,CBD & Vape,35.0
Jettribe,USA,"USA, Canada, International, United Kingdom, Europe",True,No Minimum,True,True,True,"Sporting Goods, Tactical, & Marine Products",1479.0
Aniise,USA,USA,True,No Minimum,True,True,True,"Bath, Body, & Fragrance",44.0
Zaer Ltd,USA,USA,True,$1 - $100,True,False,False,"Party & Holiday Supplies,Home Furniture, Decor & Garden",4.0
Akzan Wholesale,USA,USA,True,No Minimum,True,True,True,"Apparel, Fashion, & Jewelry",2648.0
Camfour,USA,USA,False,No Minimum,True,True,True,Firearms & Gun Accessories,22250.0
J&B,USA,USA,False,No Minimum,True,True,False,"Sporting Goods, Tactical, & Marine Products",23041.0
Fashion Dealer,USA,,False,No Minimum,True,True,True,"Apparel, Fashion, & Jewelry",40.0
Wholesale LEDs,USA,"USA, Canada",True,No Minimum,True,False,False,Specialty Electronics,477.0
Carolina Distribution,USA,USA,False,No Minimum,True,True,True,Musical Products,298.0
Power Salez,USA,"USA, Canada, International",True,No Minimum,True,True,True,Specialty Electronics,268.0
DollarDays,USA,USA,True,No Minimum,True,True,True,"Party & Holiday Supplies,General Merchandise,Office & School Supplies,Food & Grocery,Apparel, Fashion, & Jewelry,Baby, Youth & Games,Home Furniture, Decor & Garden",15375.0
ParkFlyers,USA,"USA, Canada",True,No Minimum,True,False,True,"Hobby, Novelty & Merch,Baby, Youth & Games",1519.0
PlumIslandSilver,USA,USA,True,No Minimum,True,False,True,"Apparel, Fashion, & Jewelry",8745.0
Esutras,USA,"USA, Canada",False,No Minimum,True,True,True,"Bath, Body, & Fragrance,Food & Grocery",914.0
Vida XL,USA,USA,False,No Minimum,True,True,True,"Pet & Animal Supplies,Sporting Goods, Tactical, & Marine Products,Home Furniture, Decor & Garden",50225.0
Olympia Sports,USA,USA,True,No Minimum,True,True,True,"Sporting Goods, Tactical, & Marine Products,Office & School Supplies",2643.0
Platinum Deluxe,USA,"USA, Worldwide",True,No Minimum,True,True,True,"Bath, Body, & Fragrance",26.0
BryBelly,USA,"Canada, International, USA (Continental Only)",True,No Minimum,True,True,True,"Hobby, Novelty & Merch,Party & Holiday Supplies,Pet & Animal Supplies,General Merchandise",4184.0
Plants Not Pills,USA,USA,True,No Minimum,True,True,False,CBD & Vape,12.0
Mask By Design,USA,USA,False,No Minimum,True,False,True,"Apparel, Fashion, & Jewelry",108.0
Curveez,USA,"USA, International",True,No Minimum,True,False,False,"Apparel, Fashion, & Jewelry",301.0
Oasis Supply Company,USA,"USA, Canada, International, Europe",True,No Minimum,True,True,True,"Seasonal, Holiday, & Costume,Hobby, Novelty & Merch,Party & Holiday Supplies,General Merchandise,Food & Grocery,Baby, Youth & Games",1489.0
Inland Empire Supply,USA,USA,True,No Minimum,True,False,True,"Sporting Goods, Tactical, & Marine Products,Apparel, Fashion, & Jewelry,Industrial & Janitorial,Tools, Hardware & Automotive,Medical Supplies",404.0
VKY & CO,USA,USA,True,No Minimum,True,True,True,"Apparel, Fashion, & Jewelry",61.0
Infinite Jewels,USA,USA,True,No Minimum,True,False,True,"Apparel, Fashion, & Jewelry",2484.0
Showroom 35,USA,USA,False,No Minimum,True,False,False,"Apparel, Fashion, & Jewelry",18.0
Vinyl Disorder,USA,USA,False,No Minimum,True,True,True,General Merchandise,2.0
Mons Peak IX,USA,"USA, Canada, International",True,No Minimum,True,False,False,"Travel, Outdoors, & Camping,Sporting Goods, Tactical, & Marine Products",59.0
Sheppard,USA,USA,False,No Minimum,True,False,True,"General Merchandise,Office & School Supplies",3794.0
Furniture Pipeline,USA,"USA, Canada, International",True,No Minimum,True,False,False,"Home Furniture, Decor & Garden",200.0
Ohyeah888,USA,China,True,No Minimum,True,False,False,Adult Products & Lingerie,769.0
Wonder Wink CID,USA,USA,True,No Minimum,True,False,False,"Apparel, Fashion, & Jewelry",20315.0
Maevn Uniforms,USA,"USA, Canada",False,No Minimum,True,False,False,"Apparel, Fashion, & Jewelry",8912.0
Case Collective,USA,USA,True,No Minimum,True,True,True,Consumer Electronics,3510.0
Men's Republic,South Africa,"USA, Canada, International",True,No Minimum,True,False,False,"Hobby, Novelty & Merch,General Merchandise",75.0
XSDepot,USA,"USA, Canada, International",True,No Minimum,True,True,True,"Sporting Goods, Tactical, & Marine Products,General Merchandise,Consumer Electronics,Home Furniture, Decor & Garden",1126.0
International Wholesale Gifts & Collectibles,USA,"USA, Canada, International",True,No Minimum,True,False,False,"Hobby, Novelty & Merch,General Merchandise",1562.0
Test,USA,,False,No Minimum,True,False,False,,
Supplement Planet,USA,"USA, International",True,No Minimum,True,True,True,Vitamins & Supplements,315.0
Western Sports Distribution,USA,"USA, International",True,No Minimum,True,True,True,"Travel, Outdoors, & Camping,Sporting Goods, Tactical, & Marine Products,Firearms & Gun Accessories,Automotive,Tools, Hardware & Automotive",2614.0
ZFI Inc.,USA,"USA, International",True,No Minimum,True,False,False,"Sporting Goods, Tactical, & Marine Products,Firearms & Gun Accessories",442.0
RakADX,USA,"USA, Canada",True,No Minimum,True,False,True,"Travel, Outdoors, & Camping,Sporting Goods, Tactical, & Marine Products,Apparel, Fashion, & Jewelry",35.0
Superior Marketing,USA,USA,True,No Minimum,True,True,True,"Specialty Electronics,Home Furniture, Decor & Garden",198.0
Golden Hemp Naturals,USA,"USA, Canada, International, Europe",True,No Minimum,True,True,True,"Bath, Body, & Fragrance,CBD & Vape",11.0
Shipwire,USA,"USA, Canada, International",True,No Minimum,True,True,True,3PL Warehouse,0.0
Newgistics,USA,,False,No Minimum,True,False,False,3PL Warehouse,0.0
Viking Wholesale,USA,USA,True,No Minimum,True,True,True,"Hobby, Novelty & Merch,Sporting Goods, Tactical, & Marine Products,General Merchandise",0.0
